{
    "status": 1,
    "message": "Successfully retrieved country list.",
    "country-list": {
        "details": [
            {
                "country_id": 1,
                "country_shortname": "AF",
                "country_name": "Afghanistan",
                "country_phonecode": "93",
                "isd": "93",
                "plus_isd": "+93"
            },
            {
                "country_id": 2,
                "country_shortname": "AL",
                "country_name": "Albania",
                "country_phonecode": "355",
                "isd": "355",
                "plus_isd": "+355"
            },
            {
                "country_id": 3,
                "country_shortname": "DZ",
                "country_name": "Algeria",
                "country_phonecode": "213",
                "isd": "213",
                "plus_isd": "+213"
            },
            {
                "country_id": 4,
                "country_shortname": "AS",
                "country_name": "American Samoa",
                "country_phonecode": "1684",
                "isd": "1684",
                "plus_isd": "+1684"
            },
            {
                "country_id": 5,
                "country_shortname": "AD",
                "country_name": "Andorra",
                "country_phonecode": "376",
                "isd": "376",
                "plus_isd": "+376"
            },
            {
                "country_id": 6,
                "country_shortname": "AO",
                "country_name": "Angola",
                "country_phonecode": "244",
                "isd": "244",
                "plus_isd": "+244"
            },
            {
                "country_id": 7,
                "country_shortname": "AI",
                "country_name": "Anguilla",
                "country_phonecode": "1264",
                "isd": "1264",
                "plus_isd": "+1264"
            },
            {
                "country_id": 8,
                "country_shortname": "AQ",
                "country_name": "Antarctica",
                "country_phonecode": "0",
                "isd": "0",
                "plus_isd": "+0"
            },
            {
                "country_id": 9,
                "country_shortname": "AG",
                "country_name": "Antigua and Barbuda",
                "country_phonecode": "1268",
                "isd": "1268",
                "plus_isd": "+1268"
            },
            {
                "country_id": 10,
                "country_shortname": "AR",
                "country_name": "Argentina",
                "country_phonecode": "54",
                "isd": "54",
                "plus_isd": "+54"
            },
            {
                "country_id": 11,
                "country_shortname": "AM",
                "country_name": "Armenia",
                "country_phonecode": "374",
                "isd": "374",
                "plus_isd": "+374"
            },
            {
                "country_id": 12,
                "country_shortname": "AW",
                "country_name": "Aruba",
                "country_phonecode": "297",
                "isd": "297",
                "plus_isd": "+297"
            },
            {
                "country_id": 13,
                "country_shortname": "AU",
                "country_name": "Australia",
                "country_phonecode": "61",
                "isd": "61",
                "plus_isd": "+61"
            },
            {
                "country_id": 14,
                "country_shortname": "AT",
                "country_name": "Austria",
                "country_phonecode": "43",
                "isd": "43",
                "plus_isd": "+43"
            },
            {
                "country_id": 15,
                "country_shortname": "AZ",
                "country_name": "Azerbaijan",
                "country_phonecode": "994",
                "isd": "994",
                "plus_isd": "+994"
            },
            {
                "country_id": 16,
                "country_shortname": "BS",
                "country_name": "The Bahamas",
                "country_phonecode": "1242",
                "isd": "1242",
                "plus_isd": "+1242"
            },
            {
                "country_id": 17,
                "country_shortname": "BH",
                "country_name": "Bahrain",
                "country_phonecode": "973",
                "isd": "973",
                "plus_isd": "+973"
            },
            {
                "country_id": 18,
                "country_shortname": "BD",
                "country_name": "Bangladesh",
                "country_phonecode": "880",
                "isd": "880",
                "plus_isd": "+880"
            },
            {
                "country_id": 19,
                "country_shortname": "BB",
                "country_name": "Barbados",
                "country_phonecode": "1246",
                "isd": "1246",
                "plus_isd": "+1246"
            },
            {
                "country_id": 20,
                "country_shortname": "BY",
                "country_name": "Belarus",
                "country_phonecode": "375",
                "isd": "375",
                "plus_isd": "+375"
            },
            {
                "country_id": 21,
                "country_shortname": "BE",
                "country_name": "Belgium",
                "country_phonecode": "32",
                "isd": "32",
                "plus_isd": "+32"
            },
            {
                "country_id": 22,
                "country_shortname": "BZ",
                "country_name": "Belize",
                "country_phonecode": "501",
                "isd": "501",
                "plus_isd": "+501"
            },
            {
                "country_id": 23,
                "country_shortname": "BJ",
                "country_name": "Benin",
                "country_phonecode": "229",
                "isd": "229",
                "plus_isd": "+229"
            },
            {
                "country_id": 24,
                "country_shortname": "BM",
                "country_name": "Bermuda",
                "country_phonecode": "1441",
                "isd": "1441",
                "plus_isd": "+1441"
            },
            {
                "country_id": 25,
                "country_shortname": "BT",
                "country_name": "Bhutan",
                "country_phonecode": "975",
                "isd": "975",
                "plus_isd": "+975"
            },
            {
                "country_id": 26,
                "country_shortname": "BO",
                "country_name": "Bolivia",
                "country_phonecode": "591",
                "isd": "591",
                "plus_isd": "+591"
            },
            {
                "country_id": 27,
                "country_shortname": "BA",
                "country_name": "Bosnia and Herzegovina",
                "country_phonecode": "387",
                "isd": "387",
                "plus_isd": "+387"
            },
            {
                "country_id": 28,
                "country_shortname": "BW",
                "country_name": "Botswana",
                "country_phonecode": "267",
                "isd": "267",
                "plus_isd": "+267"
            },
            {
                "country_id": 29,
                "country_shortname": "BV",
                "country_name": "Bouvet Island",
                "country_phonecode": "55",
                "isd": "55",
                "plus_isd": "+55"
            },
            {
                "country_id": 30,
                "country_shortname": "BR",
                "country_name": "Brazil",
                "country_phonecode": "55",
                "isd": "55",
                "plus_isd": "+55"
            },
            {
                "country_id": 31,
                "country_shortname": "IO",
                "country_name": "British Indian Ocean Territory",
                "country_phonecode": "246",
                "isd": "246",
                "plus_isd": "+246"
            },
            {
                "country_id": 32,
                "country_shortname": "BN",
                "country_name": "Brunei",
                "country_phonecode": "673",
                "isd": "673",
                "plus_isd": "+673"
            },
            {
                "country_id": 33,
                "country_shortname": "BG",
                "country_name": "Bulgaria",
                "country_phonecode": "359",
                "isd": "359",
                "plus_isd": "+359"
            },
            {
                "country_id": 34,
                "country_shortname": "BF",
                "country_name": "Burkina Faso",
                "country_phonecode": "226",
                "isd": "226",
                "plus_isd": "+226"
            },
            {
                "country_id": 35,
                "country_shortname": "BI",
                "country_name": "Burundi",
                "country_phonecode": "257",
                "isd": "257",
                "plus_isd": "+257"
            },
            {
                "country_id": 36,
                "country_shortname": "KH",
                "country_name": "Cambodia",
                "country_phonecode": "855",
                "isd": "855",
                "plus_isd": "+855"
            },
            {
                "country_id": 37,
                "country_shortname": "CM",
                "country_name": "Cameroon",
                "country_phonecode": "237",
                "isd": "237",
                "plus_isd": "+237"
            },
            {
                "country_id": 38,
                "country_shortname": "CA",
                "country_name": "Canada",
                "country_phonecode": "1",
                "isd": "1",
                "plus_isd": "+1"
            },
            {
                "country_id": 39,
                "country_shortname": "CV",
                "country_name": "Cape Verde",
                "country_phonecode": "238",
                "isd": "238",
                "plus_isd": "+238"
            },
            {
                "country_id": 40,
                "country_shortname": "KY",
                "country_name": "Cayman Islands",
                "country_phonecode": "1345",
                "isd": "1345",
                "plus_isd": "+1345"
            },
            {
                "country_id": 41,
                "country_shortname": "CF",
                "country_name": "Central African Republic",
                "country_phonecode": "236",
                "isd": "236",
                "plus_isd": "+236"
            },
            {
                "country_id": 42,
                "country_shortname": "TD",
                "country_name": "Chad",
                "country_phonecode": "235",
                "isd": "235",
                "plus_isd": "+235"
            },
            {
                "country_id": 43,
                "country_shortname": "CL",
                "country_name": "Chile",
                "country_phonecode": "56",
                "isd": "56",
                "plus_isd": "+56"
            },
            {
                "country_id": 44,
                "country_shortname": "CN",
                "country_name": "China",
                "country_phonecode": "86",
                "isd": "86",
                "plus_isd": "+86"
            },
            {
                "country_id": 45,
                "country_shortname": "CX",
                "country_name": "Christmas Island",
                "country_phonecode": "61",
                "isd": "61",
                "plus_isd": "+61"
            },
            {
                "country_id": 46,
                "country_shortname": "CC",
                "country_name": "Cocos (Keeling) Islands",
                "country_phonecode": "672",
                "isd": "672",
                "plus_isd": "+672"
            },
            {
                "country_id": 47,
                "country_shortname": "CO",
                "country_name": "Colombia",
                "country_phonecode": "57",
                "isd": "57",
                "plus_isd": "+57"
            },
            {
                "country_id": 48,
                "country_shortname": "KM",
                "country_name": "Comoros",
                "country_phonecode": "269",
                "isd": "269",
                "plus_isd": "+269"
            },
            {
                "country_id": 49,
                "country_shortname": "CG",
                "country_name": "Republic of the Congo",
                "country_phonecode": "242",
                "isd": "242",
                "plus_isd": "+242"
            },
            {
                "country_id": 50,
                "country_shortname": "CD",
                "country_name": "Democratic Republic of the Congo",
                "country_phonecode": "243",
                "isd": "243",
                "plus_isd": "+243"
            },
            {
                "country_id": 51,
                "country_shortname": "CK",
                "country_name": "Cook Islands",
                "country_phonecode": "682",
                "isd": "682",
                "plus_isd": "+682"
            },
            {
                "country_id": 52,
                "country_shortname": "CR",
                "country_name": "Costa Rica",
                "country_phonecode": "506",
                "isd": "506",
                "plus_isd": "+506"
            },
            {
                "country_id": 53,
                "country_shortname": "CI",
                "country_name": "Côte d'Ivoire",
                "country_phonecode": "225",
                "isd": "225",
                "plus_isd": "+225"
            },
            {
                "country_id": 54,
                "country_shortname": "HR",
                "country_name": "Croatia",
                "country_phonecode": "385",
                "isd": "385",
                "plus_isd": "+385"
            },
            {
                "country_id": 55,
                "country_shortname": "CU",
                "country_name": "Cuba",
                "country_phonecode": "53",
                "isd": "53",
                "plus_isd": "+53"
            },
            {
                "country_id": 56,
                "country_shortname": "CY",
                "country_name": "Cyprus",
                "country_phonecode": "357",
                "isd": "357",
                "plus_isd": "+357"
            },
            {
                "country_id": 57,
                "country_shortname": "CZ",
                "country_name": "Czech Republic",
                "country_phonecode": "420",
                "isd": "420",
                "plus_isd": "+420"
            },
            {
                "country_id": 58,
                "country_shortname": "DK",
                "country_name": "Denmark",
                "country_phonecode": "45",
                "isd": "45",
                "plus_isd": "+45"
            },
            {
                "country_id": 59,
                "country_shortname": "DJ",
                "country_name": "Djibouti",
                "country_phonecode": "253",
                "isd": "253",
                "plus_isd": "+253"
            },
            {
                "country_id": 60,
                "country_shortname": "DM",
                "country_name": "Dominica",
                "country_phonecode": "1767",
                "isd": "1767",
                "plus_isd": "+1767"
            },
            {
                "country_id": 61,
                "country_shortname": "DO",
                "country_name": "Dominican Republic",
                "country_phonecode": "1809",
                "isd": "1809",
                "plus_isd": "+1809"
            },
            {
                "country_id": 62,
                "country_shortname": "TP",
                "country_name": "East Timor",
                "country_phonecode": "670",
                "isd": "670",
                "plus_isd": "+670"
            },
            {
                "country_id": 63,
                "country_shortname": "EC",
                "country_name": "Ecuador",
                "country_phonecode": "593",
                "isd": "593",
                "plus_isd": "+593"
            },
            {
                "country_id": 64,
                "country_shortname": "EG",
                "country_name": "Egypt",
                "country_phonecode": "20",
                "isd": "20",
                "plus_isd": "+20"
            },
            {
                "country_id": 65,
                "country_shortname": "SV",
                "country_name": "El Salvador",
                "country_phonecode": "503",
                "isd": "503",
                "plus_isd": "+503"
            },
            {
                "country_id": 66,
                "country_shortname": "GQ",
                "country_name": "Equatorial Guinea",
                "country_phonecode": "240",
                "isd": "240",
                "plus_isd": "+240"
            },
            {
                "country_id": 67,
                "country_shortname": "ER",
                "country_name": "Eritrea",
                "country_phonecode": "291",
                "isd": "291",
                "plus_isd": "+291"
            },
            {
                "country_id": 68,
                "country_shortname": "EE",
                "country_name": "Estonia",
                "country_phonecode": "372",
                "isd": "372",
                "plus_isd": "+372"
            },
            {
                "country_id": 69,
                "country_shortname": "ET",
                "country_name": "Ethiopia",
                "country_phonecode": "251",
                "isd": "251",
                "plus_isd": "+251"
            },
            {
                "country_id": 70,
                "country_shortname": "XA",
                "country_name": "External Territories of Australia",
                "country_phonecode": "61",
                "isd": "61",
                "plus_isd": "+61"
            },
            {
                "country_id": 71,
                "country_shortname": "FK",
                "country_name": "Falkland Islands",
                "country_phonecode": "500",
                "isd": "500",
                "plus_isd": "+500"
            },
            {
                "country_id": 72,
                "country_shortname": "FO",
                "country_name": "Faroe Islands",
                "country_phonecode": "298",
                "isd": "298",
                "plus_isd": "+298"
            },
            {
                "country_id": 73,
                "country_shortname": "FJ",
                "country_name": "Fiji Islands",
                "country_phonecode": "679",
                "isd": "679",
                "plus_isd": "+679"
            },
            {
                "country_id": 74,
                "country_shortname": "FI",
                "country_name": "Finland",
                "country_phonecode": "358",
                "isd": "358",
                "plus_isd": "+358"
            },
            {
                "country_id": 75,
                "country_shortname": "FR",
                "country_name": "France",
                "country_phonecode": "33",
                "isd": "33",
                "plus_isd": "+33"
            },
            {
                "country_id": 76,
                "country_shortname": "GF",
                "country_name": "French Guiana",
                "country_phonecode": "594",
                "isd": "594",
                "plus_isd": "+594"
            },
            {
                "country_id": 77,
                "country_shortname": "PF",
                "country_name": "French Polynesia",
                "country_phonecode": "689",
                "isd": "689",
                "plus_isd": "+689"
            },
            {
                "country_id": 78,
                "country_shortname": "TF",
                "country_name": "French Southern Territories",
                "country_phonecode": "262",
                "isd": "262",
                "plus_isd": "+262"
            },
            {
                "country_id": 79,
                "country_shortname": "GA",
                "country_name": "Gabon",
                "country_phonecode": "241",
                "isd": "241",
                "plus_isd": "+241"
            },
            {
                "country_id": 80,
                "country_shortname": "GM",
                "country_name": "Gambia The",
                "country_phonecode": "220",
                "isd": "220",
                "plus_isd": "+220"
            },
            {
                "country_id": 81,
                "country_shortname": "GE",
                "country_name": "Georgia",
                "country_phonecode": "995",
                "isd": "995",
                "plus_isd": "+995"
            },
            {
                "country_id": 82,
                "country_shortname": "DE",
                "country_name": "Germany",
                "country_phonecode": "49",
                "isd": "49",
                "plus_isd": "+49"
            },
            {
                "country_id": 83,
                "country_shortname": "GH",
                "country_name": "Ghana",
                "country_phonecode": "233",
                "isd": "233",
                "plus_isd": "+233"
            },
            {
                "country_id": 84,
                "country_shortname": "GI",
                "country_name": "Gibraltar",
                "country_phonecode": "350",
                "isd": "350",
                "plus_isd": "+350"
            },
            {
                "country_id": 85,
                "country_shortname": "GR",
                "country_name": "Greece",
                "country_phonecode": "30",
                "isd": "30",
                "plus_isd": "+30"
            },
            {
                "country_id": 86,
                "country_shortname": "GL",
                "country_name": "Greenland",
                "country_phonecode": "299",
                "isd": "299",
                "plus_isd": "+299"
            },
            {
                "country_id": 87,
                "country_shortname": "GD",
                "country_name": "Grenada",
                "country_phonecode": "1473",
                "isd": "1473",
                "plus_isd": "+1473"
            },
            {
                "country_id": 88,
                "country_shortname": "GP",
                "country_name": "Guadeloupe",
                "country_phonecode": "590",
                "isd": "590",
                "plus_isd": "+590"
            },
            {
                "country_id": 89,
                "country_shortname": "GU",
                "country_name": "Guam",
                "country_phonecode": "1671",
                "isd": "1671",
                "plus_isd": "+1671"
            },
            {
                "country_id": 90,
                "country_shortname": "GT",
                "country_name": "Guatemala",
                "country_phonecode": "502",
                "isd": "502",
                "plus_isd": "+502"
            },
            {
                "country_id": 91,
                "country_shortname": "XU",
                "country_name": "Guernsey and Alderney",
                "country_phonecode": "44",
                "isd": "44",
                "plus_isd": "+44"
            },
            {
                "country_id": 92,
                "country_shortname": "GN",
                "country_name": "Guinea",
                "country_phonecode": "224",
                "isd": "224",
                "plus_isd": "+224"
            },
            {
                "country_id": 93,
                "country_shortname": "GW",
                "country_name": "Guinea-Bissau",
                "country_phonecode": "245",
                "isd": "245",
                "plus_isd": "+245"
            },
            {
                "country_id": 94,
                "country_shortname": "GY",
                "country_name": "Guyana",
                "country_phonecode": "592",
                "isd": "592",
                "plus_isd": "+592"
            },
            {
                "country_id": 95,
                "country_shortname": "HT",
                "country_name": "Haiti",
                "country_phonecode": "509",
                "isd": "509",
                "plus_isd": "+509"
            },
            {
                "country_id": 96,
                "country_shortname": "HM",
                "country_name": "Heard and McDonald Islands",
                "country_phonecode": "0",
                "isd": "0",
                "plus_isd": "+0"
            },
            {
                "country_id": 97,
                "country_shortname": "HN",
                "country_name": "Honduras",
                "country_phonecode": "504",
                "isd": "504",
                "plus_isd": "+504"
            },
            {
                "country_id": 98,
                "country_shortname": "HK",
                "country_name": "Hong Kong S.A.R.",
                "country_phonecode": "852",
                "isd": "852",
                "plus_isd": "+852"
            },
            {
                "country_id": 99,
                "country_shortname": "HU",
                "country_name": "Hungary",
                "country_phonecode": "36",
                "isd": "36",
                "plus_isd": "+36"
            },
            {
                "country_id": 100,
                "country_shortname": "IS",
                "country_name": "Iceland",
                "country_phonecode": "354",
                "isd": "354",
                "plus_isd": "+354"
            },
            {
                "country_id": 101,
                "country_shortname": "IN",
                "country_name": "India",
                "country_phonecode": "91",
                "isd": "91",
                "plus_isd": "+91"
            },
            {
                "country_id": 102,
                "country_shortname": "ID",
                "country_name": "Indonesia",
                "country_phonecode": "62",
                "isd": "62",
                "plus_isd": "+62"
            },
            {
                "country_id": 103,
                "country_shortname": "IR",
                "country_name": "Iran",
                "country_phonecode": "98",
                "isd": "98",
                "plus_isd": "+98"
            },
            {
                "country_id": 104,
                "country_shortname": "IQ",
                "country_name": "Iraq",
                "country_phonecode": "964",
                "isd": "964",
                "plus_isd": "+964"
            },
            {
                "country_id": 105,
                "country_shortname": "IE",
                "country_name": "Ireland",
                "country_phonecode": "353",
                "isd": "353",
                "plus_isd": "+353"
            },
            {
                "country_id": 106,
                "country_shortname": "IL",
                "country_name": "Israel",
                "country_phonecode": "972",
                "isd": "972",
                "plus_isd": "+972"
            },
            {
                "country_id": 107,
                "country_shortname": "IT",
                "country_name": "Italy",
                "country_phonecode": "39",
                "isd": "39",
                "plus_isd": "+39"
            },
            {
                "country_id": 108,
                "country_shortname": "JM",
                "country_name": "Jamaica",
                "country_phonecode": "1876",
                "isd": "1876",
                "plus_isd": "+1876"
            },
            {
                "country_id": 109,
                "country_shortname": "JP",
                "country_name": "Japan",
                "country_phonecode": "81",
                "isd": "81",
                "plus_isd": "+81"
            },
            {
                "country_id": 110,
                "country_shortname": "XJ",
                "country_name": "Jersey",
                "country_phonecode": "44",
                "isd": "44",
                "plus_isd": "+44"
            },
            {
                "country_id": 111,
                "country_shortname": "JO",
                "country_name": "Jordan",
                "country_phonecode": "962",
                "isd": "962",
                "plus_isd": "+962"
            },
            {
                "country_id": 112,
                "country_shortname": "KZ",
                "country_name": "Kazakhstan",
                "country_phonecode": "7",
                "isd": "7",
                "plus_isd": "+7"
            },
            {
                "country_id": 113,
                "country_shortname": "KE",
                "country_name": "Kenya",
                "country_phonecode": "254",
                "isd": "254",
                "plus_isd": "+254"
            },
            {
                "country_id": 114,
                "country_shortname": "KI",
                "country_name": "Kiribati",
                "country_phonecode": "686",
                "isd": "686",
                "plus_isd": "+686"
            },
            {
                "country_id": 115,
                "country_shortname": "KP",
                "country_name": "Korea North",
                "country_phonecode": "850",
                "isd": "850",
                "plus_isd": "+850"
            },
            {
                "country_id": 116,
                "country_shortname": "KR",
                "country_name": "Korea South",
                "country_phonecode": "82",
                "isd": "82",
                "plus_isd": "+82"
            },
            {
                "country_id": 117,
                "country_shortname": "KW",
                "country_name": "Kuwait",
                "country_phonecode": "965",
                "isd": "965",
                "plus_isd": "+965"
            },
            {
                "country_id": 118,
                "country_shortname": "KG",
                "country_name": "Kyrgyzstan",
                "country_phonecode": "996",
                "isd": "996",
                "plus_isd": "+996"
            },
            {
                "country_id": 119,
                "country_shortname": "LA",
                "country_name": "Laos",
                "country_phonecode": "856",
                "isd": "856",
                "plus_isd": "+856"
            },
            {
                "country_id": 120,
                "country_shortname": "LV",
                "country_name": "Latvia",
                "country_phonecode": "371",
                "isd": "371",
                "plus_isd": "+371"
            },
            {
                "country_id": 121,
                "country_shortname": "LB",
                "country_name": "Lebanon",
                "country_phonecode": "961",
                "isd": "961",
                "plus_isd": "+961"
            },
            {
                "country_id": 122,
                "country_shortname": "LS",
                "country_name": "Lesotho",
                "country_phonecode": "266",
                "isd": "266",
                "plus_isd": "+266"
            },
            {
                "country_id": 123,
                "country_shortname": "LR",
                "country_name": "Liberia",
                "country_phonecode": "231",
                "isd": "231",
                "plus_isd": "+231"
            },
            {
                "country_id": 124,
                "country_shortname": "LY",
                "country_name": "Libya",
                "country_phonecode": "218",
                "isd": "218",
                "plus_isd": "+218"
            },
            {
                "country_id": 125,
                "country_shortname": "LI",
                "country_name": "Liechtenstein",
                "country_phonecode": "423",
                "isd": "423",
                "plus_isd": "+423"
            },
            {
                "country_id": 126,
                "country_shortname": "LT",
                "country_name": "Lithuania",
                "country_phonecode": "370",
                "isd": "370",
                "plus_isd": "+370"
            },
            {
                "country_id": 127,
                "country_shortname": "LU",
                "country_name": "Luxembourg",
                "country_phonecode": "352",
                "isd": "352",
                "plus_isd": "+352"
            },
            {
                "country_id": 128,
                "country_shortname": "MO",
                "country_name": "Macau S.A.R.",
                "country_phonecode": "853",
                "isd": "853",
                "plus_isd": "+853"
            },
            {
                "country_id": 129,
                "country_shortname": "MK",
                "country_name": "Macedonia",
                "country_phonecode": "389",
                "isd": "389",
                "plus_isd": "+389"
            },
            {
                "country_id": 130,
                "country_shortname": "MG",
                "country_name": "Madagascar",
                "country_phonecode": "261",
                "isd": "261",
                "plus_isd": "+261"
            },
            {
                "country_id": 131,
                "country_shortname": "MW",
                "country_name": "Malawi",
                "country_phonecode": "265",
                "isd": "265",
                "plus_isd": "+265"
            },
            {
                "country_id": 132,
                "country_shortname": "MY",
                "country_name": "Malaysia",
                "country_phonecode": "60",
                "isd": "60",
                "plus_isd": "+60"
            },
            {
                "country_id": 133,
                "country_shortname": "MV",
                "country_name": "Maldives",
                "country_phonecode": "960",
                "isd": "960",
                "plus_isd": "+960"
            },
            {
                "country_id": 134,
                "country_shortname": "ML",
                "country_name": "Mali",
                "country_phonecode": "223",
                "isd": "223",
                "plus_isd": "+223"
            },
            {
                "country_id": 135,
                "country_shortname": "MT",
                "country_name": "Malta",
                "country_phonecode": "356",
                "isd": "356",
                "plus_isd": "+356"
            },
            {
                "country_id": 136,
                "country_shortname": "XM",
                "country_name": "Man (Isle of)",
                "country_phonecode": "44",
                "isd": "44",
                "plus_isd": "+44"
            },
            {
                "country_id": 137,
                "country_shortname": "MH",
                "country_name": "Marshall Islands",
                "country_phonecode": "692",
                "isd": "692",
                "plus_isd": "+692"
            },
            {
                "country_id": 138,
                "country_shortname": "MQ",
                "country_name": "Martinique",
                "country_phonecode": "596",
                "isd": "596",
                "plus_isd": "+596"
            },
            {
                "country_id": 139,
                "country_shortname": "MR",
                "country_name": "Mauritania",
                "country_phonecode": "222",
                "isd": "222",
                "plus_isd": "+222"
            },
            {
                "country_id": 140,
                "country_shortname": "MU",
                "country_name": "Mauritius",
                "country_phonecode": "230",
                "isd": "230",
                "plus_isd": "+230"
            },
            {
                "country_id": 141,
                "country_shortname": "YT",
                "country_name": "Mayotte",
                "country_phonecode": "269,262",
                "isd": "269,262",
                "plus_isd": "+269,262"
            },
            {
                "country_id": 142,
                "country_shortname": "MX",
                "country_name": "Mexico",
                "country_phonecode": "52",
                "isd": "52",
                "plus_isd": "+52"
            },
            {
                "country_id": 143,
                "country_shortname": "FM",
                "country_name": "Micronesia",
                "country_phonecode": "691",
                "isd": "691",
                "plus_isd": "+691"
            },
            {
                "country_id": 144,
                "country_shortname": "MD",
                "country_name": "Moldova",
                "country_phonecode": "373",
                "isd": "373",
                "plus_isd": "+373"
            },
            {
                "country_id": 145,
                "country_shortname": "MC",
                "country_name": "Monaco",
                "country_phonecode": "377",
                "isd": "377",
                "plus_isd": "+377"
            },
            {
                "country_id": 146,
                "country_shortname": "MN",
                "country_name": "Mongolia",
                "country_phonecode": "976",
                "isd": "976",
                "plus_isd": "+976"
            },
            {
                "country_id": 147,
                "country_shortname": "MS",
                "country_name": "Montserrat",
                "country_phonecode": "1664",
                "isd": "1664",
                "plus_isd": "+1664"
            },
            {
                "country_id": 148,
                "country_shortname": "MA",
                "country_name": "Morocco",
                "country_phonecode": "212",
                "isd": "212",
                "plus_isd": "+212"
            },
            {
                "country_id": 149,
                "country_shortname": "MZ",
                "country_name": "Mozambique",
                "country_phonecode": "258",
                "isd": "258",
                "plus_isd": "+258"
            },
            {
                "country_id": 150,
                "country_shortname": "MM",
                "country_name": "Myanmar",
                "country_phonecode": "95",
                "isd": "95",
                "plus_isd": "+95"
            },
            {
                "country_id": 151,
                "country_shortname": "NA",
                "country_name": "Namibia",
                "country_phonecode": "264",
                "isd": "264",
                "plus_isd": "+264"
            },
            {
                "country_id": 152,
                "country_shortname": "NR",
                "country_name": "Nauru",
                "country_phonecode": "674",
                "isd": "674",
                "plus_isd": "+674"
            },
            {
                "country_id": 153,
                "country_shortname": "NP",
                "country_name": "Nepal",
                "country_phonecode": "977",
                "isd": "977",
                "plus_isd": "+977"
            },
            {
                "country_id": 154,
                "country_shortname": "AN",
                "country_name": "Netherlands Antilles",
                "country_phonecode": "599",
                "isd": "599",
                "plus_isd": "+599"
            },
            {
                "country_id": 155,
                "country_shortname": "NL",
                "country_name": "Netherlands The",
                "country_phonecode": "31",
                "isd": "31",
                "plus_isd": "+31"
            },
            {
                "country_id": 156,
                "country_shortname": "NC",
                "country_name": "New Caledonia",
                "country_phonecode": "687",
                "isd": "687",
                "plus_isd": "+687"
            },
            {
                "country_id": 157,
                "country_shortname": "NZ",
                "country_name": "New Zealand",
                "country_phonecode": "64",
                "isd": "64",
                "plus_isd": "+64"
            },
            {
                "country_id": 158,
                "country_shortname": "NI",
                "country_name": "Nicaragua",
                "country_phonecode": "505",
                "isd": "505",
                "plus_isd": "+505"
            },
            {
                "country_id": 159,
                "country_shortname": "NE",
                "country_name": "Niger",
                "country_phonecode": "227",
                "isd": "227",
                "plus_isd": "+227"
            },
            {
                "country_id": 160,
                "country_shortname": "NG",
                "country_name": "Nigeria",
                "country_phonecode": "234",
                "isd": "234",
                "plus_isd": "+234"
            },
            {
                "country_id": 161,
                "country_shortname": "NU",
                "country_name": "Niue",
                "country_phonecode": "683",
                "isd": "683",
                "plus_isd": "+683"
            },
            {
                "country_id": 162,
                "country_shortname": "NF",
                "country_name": "Norfolk Island",
                "country_phonecode": "672",
                "isd": "672",
                "plus_isd": "+672"
            },
            {
                "country_id": 163,
                "country_shortname": "MP",
                "country_name": "Northern Mariana Islands",
                "country_phonecode": "1670",
                "isd": "1670",
                "plus_isd": "+1670"
            },
            {
                "country_id": 164,
                "country_shortname": "NO",
                "country_name": "Norway",
                "country_phonecode": "47",
                "isd": "47",
                "plus_isd": "+47"
            },
            {
                "country_id": 165,
                "country_shortname": "OM",
                "country_name": "Oman",
                "country_phonecode": "968",
                "isd": "968",
                "plus_isd": "+968"
            },
            {
                "country_id": 166,
                "country_shortname": "PK",
                "country_name": "Pakistan",
                "country_phonecode": "92",
                "isd": "92",
                "plus_isd": "+92"
            },
            {
                "country_id": 167,
                "country_shortname": "PW",
                "country_name": "Palau",
                "country_phonecode": "680",
                "isd": "680",
                "plus_isd": "+680"
            },
            {
                "country_id": 168,
                "country_shortname": "PS",
                "country_name": "Palestinian Territory Occupied",
                "country_phonecode": "970",
                "isd": "970",
                "plus_isd": "+970"
            },
            {
                "country_id": 169,
                "country_shortname": "PA",
                "country_name": "Panama",
                "country_phonecode": "507",
                "isd": "507",
                "plus_isd": "+507"
            },
            {
                "country_id": 170,
                "country_shortname": "PG",
                "country_name": "Papua new Guinea",
                "country_phonecode": "675",
                "isd": "675",
                "plus_isd": "+675"
            },
            {
                "country_id": 171,
                "country_shortname": "PY",
                "country_name": "Paraguay",
                "country_phonecode": "595",
                "isd": "595",
                "plus_isd": "+595"
            },
            {
                "country_id": 172,
                "country_shortname": "PE",
                "country_name": "Peru",
                "country_phonecode": "51",
                "isd": "51",
                "plus_isd": "+51"
            },
            {
                "country_id": 173,
                "country_shortname": "PH",
                "country_name": "Philippines",
                "country_phonecode": "63",
                "isd": "63",
                "plus_isd": "+63"
            },
            {
                "country_id": 174,
                "country_shortname": "PN",
                "country_name": "Pitcairn Island",
                "country_phonecode": "64",
                "isd": "64",
                "plus_isd": "+64"
            },
            {
                "country_id": 175,
                "country_shortname": "PL",
                "country_name": "Poland",
                "country_phonecode": "48",
                "isd": "48",
                "plus_isd": "+48"
            },
            {
                "country_id": 176,
                "country_shortname": "PT",
                "country_name": "Portugal",
                "country_phonecode": "351",
                "isd": "351",
                "plus_isd": "+351"
            },
            {
                "country_id": 177,
                "country_shortname": "PR",
                "country_name": "Puerto Rico",
                "country_phonecode": "1787",
                "isd": "1787",
                "plus_isd": "+1787"
            },
            {
                "country_id": 178,
                "country_shortname": "QA",
                "country_name": "Qatar",
                "country_phonecode": "974",
                "isd": "974",
                "plus_isd": "+974"
            },
            {
                "country_id": 179,
                "country_shortname": "RE",
                "country_name": "Reunion",
                "country_phonecode": "262",
                "isd": "262",
                "plus_isd": "+262"
            },
            {
                "country_id": 180,
                "country_shortname": "RO",
                "country_name": "Romania",
                "country_phonecode": "40",
                "isd": "40",
                "plus_isd": "+40"
            },
            {
                "country_id": 181,
                "country_shortname": "RU",
                "country_name": "Russia",
                "country_phonecode": "70",
                "isd": "70",
                "plus_isd": "+70"
            },
            {
                "country_id": 182,
                "country_shortname": "RW",
                "country_name": "Rwanda",
                "country_phonecode": "250",
                "isd": "250",
                "plus_isd": "+250"
            },
            {
                "country_id": 183,
                "country_shortname": "SH",
                "country_name": "Saint Helena",
                "country_phonecode": "290",
                "isd": "290",
                "plus_isd": "+290"
            },
            {
                "country_id": 184,
                "country_shortname": "KN",
                "country_name": "Saint Kitts And Nevis",
                "country_phonecode": "1869",
                "isd": "1869",
                "plus_isd": "+1869"
            },
            {
                "country_id": 185,
                "country_shortname": "LC",
                "country_name": "Saint Lucia",
                "country_phonecode": "1758",
                "isd": "1758",
                "plus_isd": "+1758"
            },
            {
                "country_id": 186,
                "country_shortname": "PM",
                "country_name": "Saint Pierre and Miquelon",
                "country_phonecode": "508",
                "isd": "508",
                "plus_isd": "+508"
            },
            {
                "country_id": 187,
                "country_shortname": "VC",
                "country_name": "Saint Vincent And The Grenadines",
                "country_phonecode": "1784",
                "isd": "1784",
                "plus_isd": "+1784"
            },
            {
                "country_id": 188,
                "country_shortname": "WS",
                "country_name": "Samoa",
                "country_phonecode": "684",
                "isd": "684",
                "plus_isd": "+684"
            },
            {
                "country_id": 189,
                "country_shortname": "SM",
                "country_name": "San Marino",
                "country_phonecode": "378",
                "isd": "378",
                "plus_isd": "+378"
            },
            {
                "country_id": 190,
                "country_shortname": "ST",
                "country_name": "Sao Tome and Principe",
                "country_phonecode": "239",
                "isd": "239",
                "plus_isd": "+239"
            },
            {
                "country_id": 191,
                "country_shortname": "SA",
                "country_name": "Saudi Arabia",
                "country_phonecode": "966",
                "isd": "966",
                "plus_isd": "+966"
            },
            {
                "country_id": 192,
                "country_shortname": "SN",
                "country_name": "Senegal",
                "country_phonecode": "221",
                "isd": "221",
                "plus_isd": "+221"
            },
            {
                "country_id": 193,
                "country_shortname": "RS",
                "country_name": "Serbia",
                "country_phonecode": "381",
                "isd": "381",
                "plus_isd": "+381"
            },
            {
                "country_id": 194,
                "country_shortname": "SC",
                "country_name": "Seychelles",
                "country_phonecode": "248",
                "isd": "248",
                "plus_isd": "+248"
            },
            {
                "country_id": 195,
                "country_shortname": "SL",
                "country_name": "Sierra Leone",
                "country_phonecode": "232",
                "isd": "232",
                "plus_isd": "+232"
            },
            {
                "country_id": 196,
                "country_shortname": "SG",
                "country_name": "Singapore",
                "country_phonecode": "65",
                "isd": "65",
                "plus_isd": "+65"
            },
            {
                "country_id": 197,
                "country_shortname": "SK",
                "country_name": "Slovakia",
                "country_phonecode": "421",
                "isd": "421",
                "plus_isd": "+421"
            },
            {
                "country_id": 198,
                "country_shortname": "SI",
                "country_name": "Slovenia",
                "country_phonecode": "386",
                "isd": "386",
                "plus_isd": "+386"
            },
            {
                "country_id": 199,
                "country_shortname": "XG",
                "country_name": "Smaller Territories of the UK",
                "country_phonecode": "44",
                "isd": "44",
                "plus_isd": "+44"
            },
            {
                "country_id": 200,
                "country_shortname": "SB",
                "country_name": "Solomon Islands",
                "country_phonecode": "677",
                "isd": "677",
                "plus_isd": "+677"
            },
            {
                "country_id": 201,
                "country_shortname": "SO",
                "country_name": "Somalia",
                "country_phonecode": "252",
                "isd": "252",
                "plus_isd": "+252"
            },
            {
                "country_id": 202,
                "country_shortname": "ZA",
                "country_name": "South Africa",
                "country_phonecode": "27",
                "isd": "27",
                "plus_isd": "+27"
            },
            {
                "country_id": 203,
                "country_shortname": "GS",
                "country_name": "South Georgia",
                "country_phonecode": "500",
                "isd": "500",
                "plus_isd": "+500"
            },
            {
                "country_id": 204,
                "country_shortname": "SS",
                "country_name": "South Sudan",
                "country_phonecode": "211",
                "isd": "211",
                "plus_isd": "+211"
            },
            {
                "country_id": 205,
                "country_shortname": "ES",
                "country_name": "Spain",
                "country_phonecode": "34",
                "isd": "34",
                "plus_isd": "+34"
            },
            {
                "country_id": 206,
                "country_shortname": "LK",
                "country_name": "Sri Lanka",
                "country_phonecode": "94",
                "isd": "94",
                "plus_isd": "+94"
            },
            {
                "country_id": 207,
                "country_shortname": "SD",
                "country_name": "Sudan",
                "country_phonecode": "249",
                "isd": "249",
                "plus_isd": "+249"
            },
            {
                "country_id": 208,
                "country_shortname": "SR",
                "country_name": "Suriname",
                "country_phonecode": "597",
                "isd": "597",
                "plus_isd": "+597"
            },
            {
                "country_id": 209,
                "country_shortname": "SJ",
                "country_name": "Svalbard And Jan Mayen Islands",
                "country_phonecode": "47",
                "isd": "47",
                "plus_isd": "+47"
            },
            {
                "country_id": 210,
                "country_shortname": "SZ",
                "country_name": "Swaziland",
                "country_phonecode": "268",
                "isd": "268",
                "plus_isd": "+268"
            },
            {
                "country_id": 211,
                "country_shortname": "SE",
                "country_name": "Sweden",
                "country_phonecode": "46",
                "isd": "46",
                "plus_isd": "+46"
            },
            {
                "country_id": 212,
                "country_shortname": "CH",
                "country_name": "Switzerland",
                "country_phonecode": "41",
                "isd": "41",
                "plus_isd": "+41"
            },
            {
                "country_id": 213,
                "country_shortname": "SY",
                "country_name": "Syria",
                "country_phonecode": "963",
                "isd": "963",
                "plus_isd": "+963"
            },
            {
                "country_id": 214,
                "country_shortname": "TW",
                "country_name": "Taiwan",
                "country_phonecode": "886",
                "isd": "886",
                "plus_isd": "+886"
            },
            {
                "country_id": 215,
                "country_shortname": "TJ",
                "country_name": "Tajikistan",
                "country_phonecode": "992",
                "isd": "992",
                "plus_isd": "+992"
            },
            {
                "country_id": 216,
                "country_shortname": "TZ",
                "country_name": "Tanzania",
                "country_phonecode": "255",
                "isd": "255",
                "plus_isd": "+255"
            },
            {
                "country_id": 217,
                "country_shortname": "TH",
                "country_name": "Thailand",
                "country_phonecode": "66",
                "isd": "66",
                "plus_isd": "+66"
            },
            {
                "country_id": 218,
                "country_shortname": "TG",
                "country_name": "Togo",
                "country_phonecode": "228",
                "isd": "228",
                "plus_isd": "+228"
            },
            {
                "country_id": 219,
                "country_shortname": "TK",
                "country_name": "Tokelau",
                "country_phonecode": "690",
                "isd": "690",
                "plus_isd": "+690"
            },
            {
                "country_id": 220,
                "country_shortname": "TO",
                "country_name": "Tonga",
                "country_phonecode": "676",
                "isd": "676",
                "plus_isd": "+676"
            },
            {
                "country_id": 221,
                "country_shortname": "TT",
                "country_name": "Trinidad And Tobago",
                "country_phonecode": "1868",
                "isd": "1868",
                "plus_isd": "+1868"
            },
            {
                "country_id": 222,
                "country_shortname": "TN",
                "country_name": "Tunisia",
                "country_phonecode": "216",
                "isd": "216",
                "plus_isd": "+216"
            },
            {
                "country_id": 223,
                "country_shortname": "TR",
                "country_name": "Turkey",
                "country_phonecode": "90",
                "isd": "90",
                "plus_isd": "+90"
            },
            {
                "country_id": 224,
                "country_shortname": "TM",
                "country_name": "Turkmenistan",
                "country_phonecode": "7370",
                "isd": "7370",
                "plus_isd": "+7370"
            },
            {
                "country_id": 225,
                "country_shortname": "TC",
                "country_name": "Turks And Caicos Islands",
                "country_phonecode": "1649",
                "isd": "1649",
                "plus_isd": "+1649"
            },
            {
                "country_id": 226,
                "country_shortname": "TV",
                "country_name": "Tuvalu",
                "country_phonecode": "688",
                "isd": "688",
                "plus_isd": "+688"
            },
            {
                "country_id": 227,
                "country_shortname": "UG",
                "country_name": "Uganda",
                "country_phonecode": "256",
                "isd": "256",
                "plus_isd": "+256"
            },
            {
                "country_id": 228,
                "country_shortname": "UA",
                "country_name": "Ukraine",
                "country_phonecode": "380",
                "isd": "380",
                "plus_isd": "+380"
            },
            {
                "country_id": 229,
                "country_shortname": "AE",
                "country_name": "United Arab Emirates",
                "country_phonecode": "971",
                "isd": "971",
                "plus_isd": "+971"
            },
            {
                "country_id": 230,
                "country_shortname": "GB",
                "country_name": "United Kingdom",
                "country_phonecode": "44",
                "isd": "44",
                "plus_isd": "+44"
            },
            {
                "country_id": 231,
                "country_shortname": "US",
                "country_name": "United States",
                "country_phonecode": "1",
                "isd": "1",
                "plus_isd": "+1"
            },
            {
                "country_id": 232,
                "country_shortname": "UM",
                "country_name": "United States Minor Outlying Islands",
                "country_phonecode": "1",
                "isd": "1",
                "plus_isd": "+1"
            },
            {
                "country_id": 233,
                "country_shortname": "UY",
                "country_name": "Uruguay",
                "country_phonecode": "598",
                "isd": "598",
                "plus_isd": "+598"
            },
            {
                "country_id": 234,
                "country_shortname": "UZ",
                "country_name": "Uzbekistan",
                "country_phonecode": "998",
                "isd": "998",
                "plus_isd": "+998"
            },
            {
                "country_id": 235,
                "country_shortname": "VU",
                "country_name": "Vanuatu",
                "country_phonecode": "678",
                "isd": "678",
                "plus_isd": "+678"
            },
            {
                "country_id": 236,
                "country_shortname": "VA",
                "country_name": "Vatican City State (Holy See)",
                "country_phonecode": "379",
                "isd": "379",
                "plus_isd": "+379"
            },
            {
                "country_id": 237,
                "country_shortname": "VE",
                "country_name": "Venezuela",
                "country_phonecode": "58",
                "isd": "58",
                "plus_isd": "+58"
            },
            {
                "country_id": 238,
                "country_shortname": "VN",
                "country_name": "Vietnam",
                "country_phonecode": "84",
                "isd": "84",
                "plus_isd": "+84"
            },
            {
                "country_id": 239,
                "country_shortname": "VG",
                "country_name": "British Virgin Islands",
                "country_phonecode": "1284",
                "isd": "1284",
                "plus_isd": "+1284"
            },
            {
                "country_id": 240,
                "country_shortname": "VI",
                "country_name": "Virgin Islands (US)",
                "country_phonecode": "1340",
                "isd": "1340",
                "plus_isd": "+1340"
            },
            {
                "country_id": 241,
                "country_shortname": "WF",
                "country_name": "Wallis And Futuna Islands",
                "country_phonecode": "681",
                "isd": "681",
                "plus_isd": "+681"
            },
            {
                "country_id": 242,
                "country_shortname": "EH",
                "country_name": "Western Sahara",
                "country_phonecode": "212",
                "isd": "212",
                "plus_isd": "+212"
            },
            {
                "country_id": 243,
                "country_shortname": "YE",
                "country_name": "Yemen",
                "country_phonecode": "967",
                "isd": "967",
                "plus_isd": "+967"
            },
            {
                "country_id": 244,
                "country_shortname": "YU",
                "country_name": "Yugoslavia",
                "country_phonecode": "38",
                "isd": "38",
                "plus_isd": "+38"
            },
            {
                "country_id": 245,
                "country_shortname": "ZM",
                "country_name": "Zambia",
                "country_phonecode": "260",
                "isd": "260",
                "plus_isd": "+260"
            },
            {
                "country_id": 246,
                "country_shortname": "ZW",
                "country_name": "Zimbabwe",
                "country_phonecode": "263",
                "isd": "263",
                "plus_isd": "+263"
            }
        ],
        "error": [],
        "error_validation_key": [],
        "api_version": "1.0",
        "api_code": 1
    }
}